,nombre_producto,precio
0,Cadena Hombre Plata 925 Grumet Plateado,63.490
1,Cadena Plata Fina 925 4mm 60cm Grumet Collar Hombre Plateado,92.490
2,Set De Plata 925 Hombre Mujer Collar Cadena Pulsera Elegante Plateado,29.990
3,Collar Cadena Plata 925 Hombre Mujer Regalo Dia Padre Joyas Plateado,28.450
4,Cadena Grumet Chapado Plata 925 8mm 37g Collar Hombre,29.990
5,Cadena Eslabones Colgante Punk Hombre Mujer Acero Inox Plata Color Plateado Tejido A,14.990
6,Collar Cadena De Plata 925 60cm X 5mm Para Hombre Mujer Color Plateado,39.693
7,Cadena Hombre Plata 925 Grumet Plateado,63.490
8,Conjunto Set Plata 925 Joya Elegante Collar Aros Cadena Moda,32.702
9,Cadena Torbillon Chapado Plata 925 4mm 23g Collar Hombre,14.990
10,Set De Plata 925 Hombre Mujer Collar Cadena Pulsera Elegante Plateado,29.990
11,Collar Cadena Plata 925 Hombre Elegante Mujer Regalo Moda Plateado,22.450
12,Collar Hombre Plata 925 Cadena Dia Padre Regalo Joya Moda Plateado,26.450
13,Cadena Grumet Chapado Plata 925 8mm 37g Collar Hombre,29.990
14,Cadena Torbillon Chapado Plata 925 4mm 23g Collar Hombre,14.990
15,Collar Cadena Plata 925 Hombre Elegante Mujer Regalo Moda Plateado,22.450
16,Collar Cadena Hello Kitty Para Niñas Plateado,4.990
17,Cadena Cartier Chapado Plata 925 4mm 13g Collar Hombre,14.990
18,Collar Cadena Cruz Mediana Lisa Hombre Plata 925 + Caja Rega Plateado,26.500
19,Collar Cadena Plata 925 Hombre Mujer Regalo Dia Padre Joyas Plateado,28.450
20,Conjunto Plata 925 Perla Collar Aros Mujer Dama Regalo Joya,32.720
21,Colgante Nudo Bruja Nórdica Plata Amuletos Collar Caballero Plata Antigua,20.090
22,Cadena Turbillon Plata Italiana 925 - 60 Cm Collar Hombre Plateado,67.690
23,Set Cadena + Pulsera Cartier Chapado Plata 925 4mm Collar Plateado,24.990
24,Set Cadena + Pulsera Cartier Chapado Plata 925 4mm Collar Plateado,24.990
25,Collar Plata 925 Cruz Cadena Hombre Mujer Dama Colgante Joya Plateado,22.450
26,Collar Cadena Plata 925 Hombre Elegante Mujer Regalo Varon Plateado,22.450
27,Collar Cadena De Plata 925 Elegante Mujer Hombre Regalo Joya Plateado,24.432
28,Colgante U De Chile Cadena Plata Italiana 925 Hombre Chuncho Plateado,105.990
29,Colgante Cruz San Benito Plata 925 + Cadena Plata Italiana Hombre Grumet 60 Cm Gruesa,78.990
30,Collar Plata Fina Italiana 925 - Cadena Hombre Grumet Plateado,118.990
31,Cadena Plata Fina 925 4mm 60cm Grumet Collar Hombre Plateado,92.490
32,Collar Cadena Cruz De Plata 925 Hombre Mujer Regalo Colgante Plateado,24.432
33,Cadena Plata Cartier 60 Cm Italiana 925 Plateado,63.490
34,Collar Cadena Cruz Con Jesus Hombre Plata 925 + Caja Regalo Plateado,28.500
35,Colgante Cruz San Benito Plata 925 Con Cadena Plata Italiana Hombre Cartier 60 Cm Mediana,64.990
36,Cadena Turbillon Plata 60 Cm Hombre Italiana 925 Plateado,94.890
37,Cadena Collar Cruz Amarrada Hombre Plata 925 + Caja De Regal Plateado,29.500
38,Cadena Hombre Doble Grumet Plata Italiana 925 - Collar Plateado,146.990
39,Collar Cadena De Plata 925 Elegante Mujer Hombre Regalo Joya Plateado,24.432
40,Collar Colgante Plata 925 Corazon Infinito Mujer Amor Regalo,47.990
41,Cadena Collar Cruz Amarrada G Hombre Plata 925 + Caja Regalo Plateado,46.000
42,Collar Colgante Plata 925 Cruz Regalo Elegante Mujer Hombre,22.414
43,Set Plata 925 Hombre Mujer Collar Cadena Pulsera Día Padre,56.990
44,Collar Hombre Plata 925 Cadena Dia Padre Regalo Joya Moda Plateado,26.450
45,Collar Colgante Plata 925 Corazón Hermana Regalo Elegante,22.450
46,Cadena Collar Estrella De David Mediana Hombre Plata 925 + C Plateado,24.500
47,Collar Plata 925 Cruz Cadena Hombre Mujer Dama Colgante Joya Plateado,22.450
48,Cadena Collar Cruz Grande Hombre Plata 925 + Caja Regalo Plateado,49.000
49,Cadena Turbillon Tourbillon Hombre 60cm Plata 925 + Caja Reg Plateado,37.500
50,Cadena Colo Colo Mediano Borde Liso Hombre Plata 925 + Caja Plateado,33.500
51,Cadena Cruz Lisa Gruesa Hombre Plata 925 + Caja Regalo Plateado,19.950
52,Cadena Collar Hombre Union Española Plata Ley 925 + Caja Reg Plateado,43.000
53,Collar Cadena Corazon Te Amo Hombre Plata 925 + Caja Regalo Plateado,29.950
54,Collar Plata 925 Cadena Cruz Mujer Dama Regalo Joyas Hombre Plateado,19.980
55,Cadena Collar Circulo Estrella 12 Puntas Hombre Plata 925 +c Plateado,29.990
56,Cadena Grumet 50cm Plata Fina Hipoalergenica 925 Hombre Plateado,54.990
57,Cadena Collar Herradura Caballo Detalles Hombre Plata 925 +c Plateado,33.000
58,Cadena Collar Cruz Amarrada Hombre Plata Ley 925 + Caja Rega Plateado,28.500
59,Collar Cadena Equipo Everton Hombre Plata Ley 925 + Caja Reg Plateado,38.000
60,Cadena Hombre Plata 925 Grumet Plateado,63.490
61,Cadena Plata Fina 925 4mm 60cm Grumet Collar Hombre Plateado,92.490
62,Set De Plata 925 Hombre Mujer Collar Cadena Pulsera Elegante Plateado,29.990
63,Collar Cadena Plata 925 Hombre Mujer Regalo Dia Padre Joyas Plateado,28.450
64,Conjunto Plata 925 Collar Aros Mujer Dama Regalo Juego Joyas,32.720
65,Collar Cadena Equipo Everton Hombre Plata Ley 925 + Caja Reg Plateado,38.000
66,Collar Cadena Jaguar Leopardo Hombre Plata 925 + Caja Regalo Plateado,19.500
67,Collar Cadena Hombre 60cm Plata Ley 925 + Caja Regalo Plateado,22.500
68,Cadena Collar Escapulario Hombre Mujer 65cm Plata 925 + Caja Plateado,38.500
69,Cadena Hija Niña Con Oso Para Hombre Plata 925 + Caja Regalo Plateado,31.500
70,Collar Cadena Trisquel Celta Hombre Plata 925 + Caja Regalo Plateado,22.500
71,Collar Cadena Plata 925 Hombre Elegante Mujer Regalo Varon Plateado,22.450
72,Collar Hombre Plata 925 Cadena Dia Padre Regalo Joya Moda Plateado,26.450
73,Cadena Grumet Chapado Plata 925 8mm 37g Collar Hombre,29.990
74,Cadena Torbillon Chapado Plata 925 4mm 23g Collar Hombre,14.990
75,Collar Cadena Plata 925 Hombre Elegante Mujer Regalo Moda Plateado,22.450
76,Cadena Hombre Cartier Plata Italiana 925 - 50 Cm Corta Plateado,61.500
77,Cadena Cruz Estrella De David Puntos Hombre Plata 925 + Caja Plateado,26.000
78,Cadena Collar Cruz Contorno Hombre Plata Ley 925 + Caja R Plateado,27.000
79,Cristo Cruz San Benito Chapado En Oro + Cadena Fina Hombre Clasica 60 Cm,89.990
80,Collar Colgante Plata 925 Estrella Joya Parejas Regalo Perla,24.450
81,Collar Colgante Plata 925 Timon Hombre Mujer Amor Regalo Plateado,29.432
82,Collar San Benito Plata 925 + Cadena Mujer Y Hombre Mujer Cartier 45 Cm,43.990
83,Conjunto Plata 925 Estrella Collar Aros Pendientes Mujer Sol,32.720
84,Set Cadena + Pulsera Cartier Chapado Plata 925 4mm Collar Plateado,24.990
85,Collar Plata 925 Cruz Cadena Hombre Mujer Dama Colgante Joya Plateado,22.450
86,Collar Cadena Plata 925 Hombre Elegante Mujer Regalo Varon Plateado,22.450
87,Collar Cadena De Plata 925 Elegante Mujer Hombre Regalo Joya Plateado,24.432
88,Colgante Cruz San Benito Plata 925 + Cadena Hombre Clasica 60 Cm,44.990
89,Cadena Collar Plata Ley 925 3 Mm Hombre Mujer 55 Cm Joyería Plata,26.690
90,Conjunto Plata 925 Elegante Collar Aros Joya Mujer Regalo,38.711
91,Juego Collar Y Aretes Mujer Plata 925 Cruz Hombre Aros Joya,26.450
92,Cadena Collar Letra Inicial Hombre Plata 925 + Caja Regalo,31.500
93,Collar Corazón Mujer Plata 925 Regalo Colgante Elegante,28.450
94,Conjunto Plata 925 Collar Aros Mujer Dama Regalo Juego Joya,32.720
95,Cadena Cartier 70cm 10gr Larga Plata Fina 925 Hombre Joven Plateado,99.990
96,Collar Cadena Plata 925 Elegante Mujer Hombre Regalo Joya Plateado,25.990
97,Collar Cadena Plata 925 Elegante Mujer Hombre Regalo Joya Plateado,19.980
98,Cadena Cartier 50cm Plata Fina Hipoalergenica 925 Hombre Plateado,39.990
99,Set Plata 925 Hombre Mujer Collar Pulsera Regalo Día Padre Plateado,33.720
100,Collar Plata 925 Hombre Mujer Turbillon Joya Regalo Cuban,28.450
101,Colgante Cruz Chica Y Cadena Plata Fina Hombre Joven Unisex Plateado,39.680
102,Collar Cadena Plata 925 Mujer Hombre Regalo Día Padre Joya Plateado,24.432
103,Collar Plata 925 Hoja Naturales Elegante Mujer Regalo Joya,26.450
104,Collar Plata 925 Mariposa Mujer Regalos Colgante Animal Joya,29.450
105,Cadena Tourbillon De Plata Fina 925 60 Cm Hombre Y Mujer Plateado,28.990
106,Collar Cadena Cruz De Plata 925 Hombre Mujer Regalo Colgante,27.450
107,Collar Plata 925 Ojo De Tigre Chakra Mujer Hombre Regalo,23.414
108,Collar Plata 925 Oso Novia Mujer Colgante Elegante Nina,24.450
109,Conjunto Plata 925 Corazón Collar Aros Pendientes Mujer Amor,32.720
110,Cadena Collar Equipo Futbol Ñublense Hombre P Plata 925 + Ca Plateado,34.000
111,Set Plata 925 Hombre Mujer Collar Cadena Pulsera Elegante,43.990
112,Collar Plata 925 Con Colgante Vintage Mujer Regalo Joya Amor,23.450
113,"Collar De Plata 925, Cadena 45 O 50 Cm, Regalo Hombre Mujer",27.450
114,Collar Cadena 1 Hijo O Niña G Para Papá Hombre Plata 925 + C,31.000
115,Cadena Hombre - Collar Exclusivo Cartier Plata Italiana 925 Plateado,110.990
116,Collar Colgante Plata 925 Cruz Mujer Hombre Regalo Joya Moda,25.450
117,Set Plata 925 Hombre Mujer Collar Cadena Pulsera Regalo Dama Plateado,23.432
118,Collar Colgante Plata 925 Corazón Circones Elegante Regalo,23.450
119,Collar Colgante Plata 925 Timon Hombre Mujer Amor Regalo,27.450
120,Cadena Hombre Plata 925 Grumet Plateado,63.490
121,Cadena Plata Fina 925 4mm 60cm Grumet Collar Hombre Plateado,92.490
122,Set De Plata 925 Hombre Mujer Collar Cadena Pulsera Elegante Plateado,29.990
123,Collar Cadena Plata 925 Hombre Mujer Regalo Dia Padre Joyas Plateado,28.450
124,Conjunto Plata 925 Elefante Collar Aros Pendientes Mujer,32.720
125,Collar Colgante Plata 925 Corona Reina Circones Elegante,23.450
126,Cadena Collar Escapulario Hombre Mujer O 65cm Plata 925 + Ca Plateado,38.500
127,Collar Colgante Plata 925 Mouse Nina Circones Regalo Hija,23.450
128,Set Plata 925 Corazon Estrella Collar Aros Pendientes Mujer,29.450
129,Cadena Eslabón Hombre 60cm Plata Fina 925 Plateado,90.630
130,Collar Trebol Circón Cadena Veneciana Plata Fina 925 Plateado,32.098
131,Collar Plata 925 Timon Capitan Mujer Hombre Regalo Joya,31.711
132,Collar Hombre Plata 925 Cadena Dia Padre Regalo Joya Moda Plateado,26.450
133,Cadena Grumet Chapado Plata 925 8mm 37g Collar Hombre,29.990
134,Cadena Torbillon Chapado Plata 925 4mm 23g Collar Hombre,14.990
135,Collar Cadena Plata 925 Hombre Elegante Mujer Regalo Moda Plateado,22.450
136,Collar Plata 925 Hoja Mujer Hombre Regalo Joya Charm Amor,24.450
137,Collar Plata 925 Cruz Mujer Hombre Regalo Joya Oracion Amor,23.450
138,Collar Plata 925 Corona Reina Mujer Regalo Colgante Joya,27.450
139,Collar Plata 925 Corazónes Amor Dama Mujer Regalo Colgante,30.711
140,Collar Plata 925 Alas Angel Mujer Regalo Colgante Joya Dama,29.450
141,Collar Plata 925 Oso Koala Mujer Regalo Colgante Joya Nina,30.720
142,Collar Plata 925 Hombre Mujer Regalo Colgante Joya Elegante,27.450
143,Cadena Collar Futbolista Hombre Plata 925 + Caja Regalo Plateado,67.500
144,Set Cadena + Pulsera Cartier Chapado Plata 925 4mm Collar Plateado,24.990
145,Collar Plata 925 Cruz Cadena Hombre Mujer Dama Colgante Joya Plateado,22.450
146,Collar Cadena Plata 925 Hombre Elegante Mujer Regalo Varon Plateado,22.450
147,Collar Cadena De Plata 925 Elegante Mujer Hombre Regalo Joya Plateado,24.432
148,Cadena Rosario En Plata Ley 925 Hombre Y Mujer Plateado 60cm,129.990
149,Collar Colgante Plata 925 Punto Luz Reina Circones Elegante,23.450
150,Collar Plata 925 Hombre Mujer Regalo Cadena Dia Padre Joya,28.450
151,Collar Cadena Plata 925 Mujer Hombre Regalo Día Padre Joya,33.720
152,Collar Plata 925 Perro Mujer Regalos Colgante Joya Animal,31.720
153,Collar Con Colgante Elegante Plata 925 Mujer Regalo Joya,19.980
154,Conjunto Set De Plata 925 Dama Collar Pendientes Amor Reina,32.720
155,Collar Plata 925 Anime Mujer Regalos Colgante Hombre Joya,27.450
156,Collar Plata 925 Cruz Cadena Hombre Mujer Dama Colgante Joya Plateado,22.450
157,Set De Plata 925 Hombre Mujer Collar Cadena Pulsera Regalo,32.711
158,Collar Cadena Colgante Padre A Hija Con Caja De Regalo Plateado,6.290
159,Collar Plata 925 Piedra Ojo De Tigre Chakra Mujer Hombre,22.414
160,Cadena Cruz Jesùs Crucifijo Barroca Hombre Med Plata 925 + C Plateado,37.000
161,Cadena Collar Cruz Contorno Jesús G Hombre Plata 925 + Caja Plateado,51.000
162,Set Plata 925 Gato Perla Collar Aros Pendientes Mujer Joya,29.450
163,Colgante San Benito Con Cadena Hombre Plata Italiana Figaro 60 Cm,59.990
164,Conjunto Set Plata 925 Dama Collar Pendientes Amor Reina,32.720
165,Collar Cadena Plata 925 Elegante Mujer Hombre Regalo Joya,32.702
166,Charm 100% Auténtica Plata 925 Cadena Gatito Y Media Luna Plateado,19.990
167,Conjunto Plata 925 Collar Aros Pendientes Mujer Dama Regalo,32.720
168,Collar Colgante Plata 925 Estrella Joya Parejas Corazon Dama,24.450
169,Collar Colgante Plata 925 Perla Joya Circones Regalo Hija,23.450
170,Conjunto Plata 925 Cruz Mujer Hombre Collar Aros Joya Regalo,35.711
171,Set Plata 925 Collar Aros Corazón Mamá Día De La Madre Joya,30.702
172,Colgante Cruz San Benito Plata Y Oro 14k Mas Cadena Hombre Figaro 60 Cm,119.990
173,Conjunto Plata 925 De Corazón Collar Pendientes Amor Reina,22.450
174,Conjunto Plata 925 Infinito Mujer Collar Aros Joyas Regalo,40.990
175,Cadena O`higgins Ohiggins Recta Hombre Plata 925 + Caja Rega Plateado,47.500
176,Collar Colgante Plata 925 Cadena Joya Circones Regalo Novios,23.450
177,Conjunto Plata 925 Flor Rosa Mujer Collar Aros Joya Regalos,38.720
178,Conjunto Plata 925 Aniversario Mujer Collar Aros Joya Regalo,39.720
179,Collar Cadena Basquetbol Basquetbolista Hombre Plata 925 + C,71.500
180,Cadena Plata Fina 925 4mm 60cm Grumet Collar Hombre Plateado,92.490
181,Collar Hombre Plata 925 Cadena Dia Padre Regalo Joya Moda Plateado,26.450
182,Collar Plata 925 Cruz Cadena Hombre Mujer Dama Colgante Joya Plateado,22.450
183,Collar Cadena Plata 925 Hombre Elegante Mujer Regalo Varon Plateado,22.450
184,Conjunto Plata 925 Aritos Mujer Collar Aros Joyas Regalo,38.720
185,Conjunto Plata 925 Mariposa Mujer Collar Aros Joyas Regalo,42.990
186,Set Plata 925 Corazón Collar Aros Aritos Mujer Joya Amor,29.450
187,Collar Colgante Plata 925 Corazón Joya Parejas Regalo Novia,24.450
188,Conjunto Plata 925 Collar Aros Aritos Mujer Joya Regalo Flor,44.990
189,Set Plata 925 Flor Colgante Collar Aros Pendientes Mujer,29.450
190,Cadena Cruz Jesùs Crucifijo Hombre Plata Ley 925 + Caja R Plateado,35.500
191,Collar Cadena Grumet 70cm Hombre Plata Ley 925 + Caja Regalo Plateado,75.500
192,Collar Cadena De Plata 925 Elegante Mujer Hombre Regalo Joya Plateado,24.432
193,Set Plata 925 Hombre Mujer Collar Cadena Pulsera Día Padre,56.990
194,Collar Cadena Cruz De Plata 925 Hombre Mujer Regalo Colgante Plateado,24.432
195,Collar Colgante Plata 925 Cruz Mujer Hombre Regalo Joya Moda Plateado,25.450
196,Collar Cadena Guitarra Acostada Hombre Plata 925 + Caja Rega Plateado,38.500
197,Cadena Collar Ancla Grande Hombre Plata 925 + Caja Regalo Plateado,54.500
198,Cadena Collar Cruz Inflada Tope Hombre Plata 925 + Caja Rega Plateado,23.500
199,Collar Cadena Hombre Delfin Mediano Plata 925 + Caja Regalo Plateado,31.500
200,Collar Cadena Futbol Colo Colo Recta Hombre Plata 925 + Caja Plateado,48.500
201,Cadena Collar Flor De Lis Hombre Plata 925 + Caja Regalo Plateado,27.500
202,Cadena Collar Espada Hombre Plata Ley 925 + Caja Regalo Plateado,29.000
203,Cadena Zapatilla Pelota Futbol Hombre Plata Ley 925 + Caja R Plateado,66.000
204,Collar Cadena Plata 925 Elegante Mujer Hombre Regalo Joya Plateado,25.990
205,Set Plata 925 Hombre Mujer Collar Pulsera Regalo Día Padre Plateado,33.720
206,Collar Colgante Plata 925 Corazon Infinito Mujer Amor Regalo,47.990
207,Collar Colgante Plata 925 Timon Hombre Mujer Amor Regalo Plateado,29.432
208,Cadena Collar Cabeza De Caballo Hombre Plata Ley 925 + Caja Plateado,45.500
209,Collar Cadena Padre Pio San Pio Hombre G Plata 925 + Caja Re Plateado,34.000
210,Cadena Collar Pelota Futbol Hombre Plata 925 + Caja Regalo Plateado,41.500
211,Cadena Collar Cruz Contorno Doble Hombre Plata 925 + Caja Re Plateado,24.500
212,Cadena Collar Cruz Contorno Jesús Hombre Plata 925 + Caja Re Plateado,48.500
213,Collar Cadena Circulo Perfil Caballo Hombre Plata 925 + Caja Plateado,61.500
214,Cadena Collar Pelota De Futbol Hombre Plata 925 + Caja Regal Plateado,37.000
215,Cadena San Judas Tadeo Ovalado Hombre Plata 925 + Caja Regal Plateado,38.500
216,Collar Cadena Cara Jesus Hombre Plata 925 + Caja Regalo Plateado,29.000
217,Cadena Collar Pelota Futbol Detalles Hombre Plata 925 + Caja Plateado,35.500
218,Cadena Zapatilla Futbol Pelota Hombre Plata 925 + Caja Regal Plateado,39.000
219,Collar Cadena Padre Pio San Pio Hombre Plata 925 + Caja Rega Plateado,26.000
220,Cadena Collar Hombre Cruz Estrella De David Plata 925 + Caja Plateado,32.500
221,Cadena Collar Cruz Estrella De David Hombre Plata 925 + Caj Plateado,23.500
222,Cadena Collar Circulo Ola De Mar Hombre Plata 925 + Caja Reg Plateado,29.000
223,Cadena Collar Hombre Cruz Estrella De David Plata 925 + Caj Plateado,25.500
224,Cadena Collar Tigre Hombre Plata Ley 925 + Caja Regalo Plateado,72.500
225,Collar Cadena Cruz Barroca Hombre Plata 925 + Caja Regalo Plateado,25.000
226,Cadena Collar Flecha Hombre Plata Ley 925 + Caja Regalo Plateado,25.000
227,Cadena Collar Pez Jesus Hombre Plata Ley 925 + Caja Regalo Plateado,24.500
228,Collar Cadena Teresa De Los Andes Hombre Plata 925 + Caja Re Plateado,26.500
229,Collar Cadena Padre Hurtado Hombre Plata 925 + Caja Regalo Plateado,24.000
230,Collar Cadena Perro Bulldog Ingles Hombre Plata 925 + Caja R Plateado,44.000
231,Collar Cadena Bicicleta Hombre Plata Ley 925 + Caja Regalo Plateado,32.500
232,Collar Cadena Manchester City Futbol Hombre Plata 925 + Caja Plateado,39.500
233,Cadena Collar Perro Salchicha G Hombre Plata 925 + Caja Rega Plateado,44.000
234,Cadena Zapatilla Pelota Futbol Hombre Grande Plata 925 + Caj Plateado,74.500
235,Cadena Niño Hijo Con Pelota Grande Hombre Plata 925 + Caja R Plateado,42.000
236,Cadena Collar I Love Futbol Hombre Plata 925 + Caja Regalo Plateado,39.000
237,Collar Cadena Cruz Filigrana Hombre Plata 925 + Caja Regalo Plateado,31.500
238,Cadena Collar Serpiente Cobra Hombre Plata 925 + Caja Regalo Plateado,31.500
239,Collar Cadena Perro Pug Grande Hombre Plata 925 + Caja Regal Plateado,47.500
240,Collar Cadena Plata 925 Hombre Elegante Mujer Regalo Varon Plateado,22.450
241,Collar Colgante Plata 925 Cruz Mujer Hombre Regalo Joya Moda Plateado,25.450
242,Collar Cadena Plata 925 Elegante Mujer Hombre Regalo Joya Plateado,25.990
243,Set Plata 925 Hombre Mujer Collar Pulsera Regalo Día Padre Plateado,33.720
244,Cadena Collar Serpiente Cobra Hombre Plata 925 + Caja Regalo Plateado,31.500
245,Collar Cadena Perro Pug Grande Hombre Plata 925 + Caja Regal Plateado,47.500
246,Cadena Collar Hombre Cruz Estrella De David Plata 925 + Caja Plateado,29.990
247,Cadena Collar Elefante Mediano Hombre Plata 925 + Caja Regal Plateado,51.000
248,Cadena Collar Cabeza Caballo Hombre Plata Ley 925 + Caja Reg Plateado,38.000
249,Collar Cadena Pinguino Hombre Plata 925 + Caja Regalo Plateado,43.000
250,Cadena Zapatilla Pelota Futbol 3d Hombre Plata 925 + Caja Re Plateado,57.000
251,Collar Plata 925 Cadena Cruz Mujer Dama Regalo Joya Hombre Plateado,21.990
252,Collar Colgante Plata 925 Timon Hombre Mujer Amor Regalo Plateado,29.432
253,Collar Plata 925 Cruz Hombre Mujer Regalo Colgante Cadena Plateado,26.450
254,Collar Cadena Plata 925 Mujer Hombre Regalo Día Padre Joya Plateado,24.432
255,Collar Plata 925 Hoja Naturales Elegante Mujer Regalo Joya,26.450
256,Cadena Con Dije De Plata 925 Caballo Para Hombre Plateado,29.350
257,Cadena Plata 925 Tejido Cartier 3mm Cadena 60cm - Adcesorios Plateado,48.900
258,Collar Cadena Plata 925 Mujer Hombre Regalo Día Padre Joya Plateado,21.990
259,L Collar Mujer Hombre Plata Fina .50cm X 2mm Unisex,6.209
260,Collar Plata 925 Cadena Cruz Mujer Dama Regalo Joyas Hombre Plateado,23.990
261,Collar Cadena Cruz De Plata 925 Hombre Mujer Regalo Colgante Plateado,24.990
262,Colgante Hombre Vitrurio Con Cadena Semiturbillon Plata 925 Plateado,16.990
263,Collar Plata 925 Corazón Abeja Mujer Colgante Elegante Nina,26.450
264,Collar Plata 925 Hombre Mujer Timon Capitan Amor Colgante Plateado,26.450
265,Collar Corazón Mujer Plata 925 Regalo Colgante Elegante,28.450
266,Collar Plata 925 Piedra Ojo De Tigre Chakra Mujer Hombre Plateado,22.432
267,Collar Plata 925 Ojo De Tigre Chakra Mujer Hombre Regalo Plateado,23.432
268,Collar Plata 925 Colgante Cruz Hombre Mujer Regalo Joya,29.450
269,Collar Plata 925 Corazón Mujer Madre Hijo Cadena Regalo Joya,27.450
270,"Colgante Guante De Box En Plata 950, Sin Cadena Blanco",34.990
271,"Charm Diseño Cartera Roja Con Cadena, Plata Italiana 925. Rojo",27.990
272,"Collar De Cruz Gótica For Hombre, Cadena De Acero",3.919
273,N Collar Cruz Plata Cadenas Acero Joyeria Hombres Mujer,3.514
274,Collar Dije Kawaii Gato Killer Asesino Negro Acero,3.974
275,"Collar De Cruz Gótica For Hombre, Cadena De Acero Li",3.900
276,Cadena Italiana De Plata 925 For Hombre De 60 Cm De Grosor |,3.477
277,Cadena Cubana Plata 925 Y Dije Cruz Con Zirconias 60cm .,41.067
278,R Collar Cruz Plata Cadenas Acero Joyeria Hombres Mujer,17.249
279,"Collar Placas Militares Dijes Plata Acero Inoxidable , **",4.231
280,Collar De Perlas Para Hombres Collar De Cadena Cubana De Múl,5.593
281,` Collar Hombre Cadena Cubana Diamante Oro Plata 20cm,15.133
282,Ss Collar Hombre Circonita Cadena Cubana Diamante Esclava,12.299
283,B Collar Hombre Cadena Cubana Diamante Oro Plata 40cm,25.758
284,U: 2pzs Collar Cadena Cruz Dije Y* Acero Inoxidable Para,3.725
285,Glitto Collar De Cadena Con Inicial K Para Hombres,33.918
286,Cadena Italiana De Plata 925 For Hombre De 60 Cm De Grosor |,4.875
287,"Aoody Collar De Cadena De Eslabones Cubanos Para Hombre, Cad",29.512
288,Cadena De Plata 925 Con Medalla De San Benito 60 Cm Hombre .,26.366
289,"Cadena Figaro Negra Para Hombre, Gargantilla Con Cadena De E",43.504
290,"Duodiner Collar Con Inicial K Para Hombres Y Niños, Cadena C",35.022
291,"Jonline24h Cadena De Collar De Acero Inoxidable Para Hombre,",29.512
292,Colgante De Acero Inoxidable Crucifijo Sacerdote Biblia,10.009
293,Compatible Dije Valknut Amuleto Nordico Acero Inoxidable,8.132
294,Collar De Protección Con Pentagrama Sobrenatural A,10.174
295,For Pentagrama Plata 925 Poderoso Amuleto Con Cadena De,17.847
296,Miabella Collar De Cadena De Eslabones Marineros Planos Sóli,151.949
297,Reoxvo Cadena De Oro De 5 Mm De Largo Para Hombres Collar De,34.360
298,Dlsixnco 2 Cadenas De Eslabones Cubanos Para Hombres Y Mujer,33.918
299,"Cadena De Oro Momlovu Para Hombres Y Niños, Cadena De Collar",36.126
300,Collar Colgante Plata 925 Cruz Mujer Hombre Regalo Joya Moda Plateado,25.450
301,Collar Plata 925 Cruz Hombre Mujer Regalo Colgante Cadena Plateado,26.450
302,Collar Cadena Plata 925 Mujer Hombre Regalo Día Padre Joya Plateado,24.432
303,Collar Plata 925 Hoja Naturales Elegante Mujer Regalo Joya,26.450
304,Techno Pave Colgante Iced Out Allah Para Hombre Con Diamante,36.688
305,"Weddinen Collar De Cruz Para Hombre, Collar De Cadena Cadena",32.824
306,Collar De Cadena Figaro De Plata De Ley Para Hombre Cadena D,40.478
307,"Cadena De Oro Jewlpire Para Hombres Y Niños, Collares De Cad",38.325
308,"Cadena Negra Para Hombres Y Adolescentes, Joyería Estilo Hip",29.070
309,"Cadena De Plata Moodear Para Hombres, Collar De Cuerda Cuban",35.022
310,"Collar De Cadena De Cuero Para Hombre, 16 Pulgadas, 2 Mm, Ga",35.593
311,Cekama Cadena De Cuerda De Plata De Ley Auténtica Para Hombr,126.798
312,Collar Plata 925 Hombre Mujer Timon Capitan Amor Colgante Plateado,26.450
313,Collar Plata 925 Piedra Ojo De Tigre Chakra Mujer Hombre Plateado,22.432
314,Collar Plata 925 Ojo De Tigre Chakra Mujer Hombre Regalo Plateado,23.432
315,Conjunto Plata 925 Dama Collar Pendientes Amor Punto De Luz,32.720
316,Collar Largo Redondo Cadena De Plata De Ley 925 Para Mujer J,54.700
317,Verona Jewelers Collar De Cadena Omega Plana Italiana Flexib,107.460
318,Fibo Steel Collar De Cadena Curva De 3 Mm Para Hombre Estilo,29.512
319,Dragonweave Collar Para Hombre Con Cadena De Bolas De Acero,36.080
320,Lifetime Jewelry Cadena De Cuerda De Oro De 3 Mm Para Hombre,38.288
321,"Collar Con Colgante De Plata De Ley 925 Para Hombre, Cadena",79.208
322,"Duodiner Collar Con Inicial C Para Hombres Y Niños, Cadena C",35.022
323,"Collar De Toro Jemant Para Hombre, Colgante De Cadena De Ace",35.022
324,Collar Cadena Plata 925 Hombre Elegante Mujer Regalo Moda Plateado,34.711
325,Set De Plata 925 Corazón Collar Aros Aritos Mujer Joya Amor,36.720
326,Collar Plata 925 Piedra Ojo De Tigre Chakra Mujer Hombre,22.414
327,Joyas Conjunto De Plata 925 Corazon Aros Collar Cadena Dama,65.990
328,"Prosteel, Collar De Cadena Negra, Joyería Para Hombre Y Para",49.457
329,"Gliveor Cadena De Plata Para Hombre, Cadena De Plata De Ley",44.995
330,Silvadore Collar Para Hombre Cadena De Eslabones Cubanos De,55.409
331,"Prosteel Cadena De Oro De Hip Hop Para Hombres Y Mujeres, De",54.654
332,"Glitto Collar Con Cruz De Fútbol Para Niños Y Hombres, Caden",31.720
333,Filmoon Cadena Chapada En Oro De 14 Quilates Para Hombres Co,29.512
334,"Bellino Collar Con Inicial B Para Hombres Y Niños, Cadena Cu",35.022
335,Collar De Cadena Figaro De Acero Inoxidable Para Hombre De V,40.533
336,Cadena De Collar Bizantino Cruzado Para Hombre De Acero Inox,55.409
337,Hh Bling Empire Cadenas Colgantes Heladas Para Hombres Colla,42.023
338,"Collar De Cadena De Plata Para Hombres, Cadena De Serpiente",42.023
339,"Quadri Cadenas De Eslabones Cubanos Para Hombres, Mujeres, Y",142.281
340,"Duodiner Collar Con Cruz Negra Para Niños Y Hombres, Cadena",36.126
341,"Urban Jewelry Collar Potente Para Hombre, Cadena De Acero In",50.809
342,Collar De Cadena De Tenis Para Hombre Iced 4 Mm Cz 16 18 20,70.257
343,"Regalos Para Marido Para Hombre, Cadena Cubana De Plata Para",82.180
344,"Prosteel Cadena Negra Para Hombres Y Mujeres, Joyería Gótica",53.918
345,"Eleganzia Cadena De Plata De Ley 925 Para Hombres, Cadena Po",61.333
346,"Krkc&co Cadena De Tenis Para Hombres, Cadena De Oro De 14 Qu",202.667
347,"Metaltree98 Cadena De Cuerda Hip Hop 20 Para Hombre, Chapado",33.909
348,Cadena De Caja Plana Collar Masculino 24 Pulgadas Acero,43.606
349,"Cadena De Oro Halukakah Para Hombres Con Hielo, Cadena De Es",29.512
350,"Hattidoris Collar Con Cruz De Uñas Para Hombre, Cadena De Ac",31.720
351,Brijewnes Cadena De Plata Para Hombre Cadena De Plata De 16,36.025
352,"Barzel Collar De Cadena De Oro Para Hombre, Chapado En Oro D",55.409
353,Tkocisa 2 Piezas Cadena De Oro Sintético Para Hombres Collar,29.512
354,"Nyuk Collar De Discoteca Para Hombre, Cadena De Discoteca Pa",33.909
355,Lifetime Jewelry Cadena De Cuerda De 1 Mm Para Hombres Y Muj,37.184
356,L Collar Brújula Vegvisir Cadena Acero Inoxidable Runa Plata,10.367
357,Collar Con Colgante De Cruz For Hombre Cadena De Clavícula,18.454
358,"Collar De Cadena Tipo Cable De 1,1 Mm De Oro Blanco O Amaril",464.432
359,Lifetime Jewelry Cadena De Cuerda De 3 Mm Para Hombres Y Muj,51.701
360,Collar Colgante Plata 925 Cruz Mujer Hombre Regalo Joya Moda Plateado,25.450
361,Collar Plata 925 Cruz Hombre Mujer Regalo Colgante Cadena Plateado,26.450
362,Collar Plata 925 Hombre Mujer Timon Capitan Amor Colgante Plateado,26.450
363,Collar Plata 925 Piedra Ojo De Tigre Chakra Mujer Hombre Plateado,22.432
364,"N-made Hermosa Cadena Helada Para Mujeres Y Hombres, Cadena",65.813
365,Lifetime Jewelry Cadena De Cuerda De 3 Mm Para Hombres Y Muj,51.701
366,"Collar Masculino De Cadena Plana Negra, Joyería De Hip Hop D",38.325
367,Dacc & Aya Cadena De Caja De Plata De Ley Para Hombre Cadena,262.151
368,"Ursteel Collar De Cruz Para Hombre, Cadena De Cruz De Plata",70.284
369,Hh Bling Empire Cadenas De Corazón Roto Helado Para Hombres,46.034
370,Lifetime Jewelry Collar De Cadena Figaro De 6 Mm Para Hombre,81.425
371,Rwqian Collar Con Número De Cruz Para Hombre - Cadena Deport,46.457
372,Collar Plata 925 Ojo De Tigre Chakra Mujer Hombre Regalo Plateado,23.432
373,Conjunto Plata 925 Dama Collar Pendientes Amor Punto De Luz,32.720
374,Collar Cadena Plata 925 Hombre Elegante Mujer Regalo Moda Plateado,34.711
375,Set De Plata 925 Corazón Collar Aros Aritos Mujer Joya Amor,36.720
376,"Glijwele Cadena De Plata De Ley Para Hombre, Collar De Caden",42.023
377,"Duodiner Collar De Cruz Negra Para Niños Y Hombres, Cadena C",36.126
378,P Collar Hombre Cadena Cubana Diamante Oro Plata 45cm,7.378
379,Prosteel Collar De Cadena Figaro Grueso Para Hombres Joyería,56.145
380,Mofeijewel Cadena De Eslabones Cubanos De 13 Mm Para Hombres,29.512
381,Collar De Cadena De Trigo De Acero Inoxidable Para Hombres D,52.428
382,"C Collar De Cruz Gótica For Hombre, Cadena De Acero &gj",3.541
383,"Cadena Maciza Hombre 3 En 1, 60cm No Incluye Caja Mm",4.746
384,Collar Plata 925 Piedra Ojo De Tigre Chakra Mujer Hombre,22.414
385,Joyas Conjunto De Plata 925 Corazon Aros Collar Cadena Dama,65.990
386,Collar Colgante Plata 925 Timon Hombre Mujer Amor Regalo Plateado,29.432
387,Collar Con Colgante Plata 925 Hombre Mujer Regalo Joya Varon Plateado,28.450
388,. Collar Hombre Cadena Cubana Diamante Oro Plata 20cm,15.979
389,Quadri Cadena Figaro Plata De Ley 925 Para Hombres Y Niñas,133.357
390,Urban Jewelry Collar De Cadena Para Hombre De Acero Inoxidab,36.025
391,Trumium Collar Con Colgante De Ónix Negro Para Hombre Y Muje,42.023
392,"Collar De Plata Nometo Para Hombre Cadena De Caja De 2,5 Mm",37.230
393,"Collar De Perlas Para Hombres, Collar De Cadena Con Cuentas",40.533
394,Cadena Plata Ley 925 Hombre Italiana 60cm *,5.188
395,Cadena Plata 925 Maciza Hombre 3 En 1 60cm *,5.703
396,Urban Jewelry Collar Con Colgante De Ala De Ángel De Plata Y,36.025
397,"Olarcu 6 Cadenas De Plata, Collar De Cadena Cubana De Acero",34.921
398,Joxevyia Collar De Cruz Para Niño Plata Acero Inoxidable Col,32.824
399,Colgante De Acero Inoxidable 304 León Plata,6.513
400,"Collar Cruzado Idokawa Para Hombre, Collar De Perlas Blancas",53.928
401,Collar Para Hombres Cadena De Eslabones Cubanos Plata Pulida,40.496
402,Joyería De Cadena De Caja De Collar De Acero Inoxidable Para,33.826
403,"Garysiom Collar De Cadena De 3 Piezas Para Hombres, Cadenas",38.877
404,Kv Collar De Acero Con Colgante De Cadena Hombre Y Mujer Da,10.018
405,Hombres Moda Simple Imitación Oro Collar Chunky Estilo Pe,13.836
406,"Ashine Cadena De Plata De Ley, Cadena De Plata Para Hombre,",33.964
407,"Collar Cruzado Jurikko Para Hombre, Collar Con Colgante De C",46.485
408,Findchic Collares Para Hombre Cadena Número 7 Para Jugador D,38.288
409,"Collar De Cadena De Cuerda De Oro Para Hombres, Cadena De De",40.533
410,"Cadena De Oro Momlovu Para Hombres Y Mujeres, Niños, Cadena",33.918
411,Collares Con Inicial De Cadena De Cuerda De Plata Para Hombr,35.022
412,Cadena Fiusem Tono Plateado Para Hombres Collar Elegante,33.918
413,Jajafook Collar De Cadena Con Ancla Náutica Plateada Y Acero,37.230
414,Cierres De Resorte Clásicos Helados Cadena De Eslabones De 9,70.284
415,Cadena De Eslabones Cubanos De Miami Para Hombre Collar De B,44.995
416,"Fosir Collar De Cadena Plana Para Hombre, Cadena De Eslabone",28.969
417,Collar De Perlas Gargantilla De Perlas De Imitación Collar D,31.278
418,Gliveor Cadena De Plata Para Hombres Y Mujeres Cadena De Caj,40.533
419,Shapes Studio Collar De Cadena Con Clip Grueso De Titanio Ch,73.256
420,Collar Colgante Plata 925 Cruz Mujer Hombre Regalo Joya Moda Plateado,25.450
421,Collar Plata 925 Cruz Hombre Mujer Regalo Colgante Cadena Plateado,26.450
422,Collar Plata 925 Hombre Mujer Timon Capitan Amor Colgante Plateado,26.450
423,Collar Plata 925 Piedra Ojo De Tigre Chakra Mujer Hombre Plateado,22.432
424,Shapes Studio Collar De Cadena Con Clip Grueso De Titanio Ch,73.256
425,Collar Cruz Plata Cadenas Acero Inoxidable Joyeria Hombres,11.757
426,Collar Hombre Cadena Cubana Diamante Oro Plata 40cm,10.450
427,Acollar Dijes Cadena Plata Acero Inoxidable Regalos Hombre,5.639
428,+ V Collar Pareja Montaña Y Mar Cadena Clavícula Hombre Y,5.952
429,"Cadena Cubana De Acero De Titanio Para Hombre, Única Y Redon",18.500
430,Collar De Crucifijo De Plata For Hombre Con Cadena De A,10.947
431,Collar Dije Cruz Plata Hombre Mujer Grande Elegante Chapa925,12.465
432,Collar Plata 925 Ojo De Tigre Chakra Mujer Hombre Regalo Plateado,23.432
433,Conjunto Plata 925 Dama Collar Pendientes Amor Punto De Luz,32.720
434,Collar Cadena Plata 925 Hombre Elegante Mujer Regalo Moda Plateado,34.711
435,Set De Plata 925 Corazón Collar Aros Aritos Mujer Joya Amor,36.720
436,Collar Girasol Mujer Dije Resina Cadena Hombre Acero Plata,11.619
437,Collar Dijes Cadena Plata Acero Inoxidable Regalos Hombre,12.870
438,Collar Pareja Montaña Y Mar Cadena Clavícula Hombre Y Mujer,12.511
439,Collar De Cadena Gruesa Bizantina De Acero Inoxidable Plata,35.556
440,. Collar Hombre Cadena Cubana Diamante Oro Plata 70cm,17.267
441,Collar Hombre Cadena Cubana Diamante Oro Plata 45cm,10.340
442,Collar Y Pulseras Hombre Cubana Cadena Acero Inoxidable /,6.412
443,Collar Hombre Cadena Cubana Diamante Oro Plata 45cm,9.208
444,Collar Plata 925 Piedra Ojo De Tigre Chakra Mujer Hombre,22.414
445,Joyas Conjunto De Plata 925 Corazon Aros Collar Cadena Dama,65.990
446,Collar Colgante Plata 925 Timon Hombre Mujer Amor Regalo Plateado,29.432
447,Collar Con Colgante Plata 925 Hombre Mujer Regalo Joya Varon Plateado,28.450
448,Dije De San Judas Y Cadena De Plata Fina .925 3x1 P/ .,39.116
449,"Cadenas De Cuentas De Plata De Ley For Hombres, Collares .",83.486
450,Collar Hombre Cadena Cubana Diamante Oro Plata 50 Cm,47.672
451,Qt Collar De Crucifijo De Plata For Hombre Con Cadena De,10.450
452,Sh Ss Collar Hombre Cadena Cubana Diamante Oro Plata 45cm,9.438
453,Collar Hombre Circonita Cadena Cubana Diamante Esclava .,34.066
454,Collar Cadena Lobo Joyería Hombre Mujer Acero Color Plata,9.438
455,Cadena Plateada Brillante Con Tachuelas De Hielo Para Hombre,8.058
456,Cubana Cadena Eslabones Hip Hop Collares Tigre De Diamantes,30.395
457,Cubana Cadena Eslabones Hip Hop Collares Tigre De Diamantes,13.817
458,Sh Ss Collar Hombre Cadena Cubana Diamante Oro Plata 45cm A,9.438
459,Sp Collar Para Hombre Acero Inoxidable Cruz Regalo Papá,38.803
460,"C Collar De Cruz Gótica For Hombre, Cadena De Acero ^lyy",6.099
461,Collar De Crucifijo De Plata For Hombre Con Cadena De A,10.450
462,"Collar De Cadena De Plata For Hombre Con Crucifijo, Diseño A",10.689
463,Sp Cadenita Plata 925 Dije Cruz San Benito Collar Hombre,33.440
464,Qt W Collar Dumbell De Fitness For Hombres Plata,8.095
465,Collar Hombre Cadena Cubana Diamante Oro Plata 45cm,12.299
466,Collar Hombre Cadena Cubana Diamante Oro Plata 45cm,8.555
467,G Collar Hombre Cadena Cubana Diamante Oro Plata 40cm,25.758
468,Collar Hombre Cadena Cubana Diamante Oro Plata 20cm,6.136
469,I Collar Hombre Cadena Cubana Diamante Oro Plata 20 Cm,17.028
470,Ss Collar Hombre Cadena Cubana Diamante Oro Plata 45cm,8.445
471,Collar Para Hombre Con Circonita Cadena Cubana Diamantada Es,12.824
472,D Collar Dijes Cadena Plata Acero Inoxidable Regalos Hombre,13.109
473,Collar Hombre Circonita Cadena Cubana Diamante Esclava,8.877
474,Cadena Plateada Brillante Con Tachuelas De Hielo Para Hombre,8.058
475,Collar Hombre Circonita Cadena Cubana Diamante Esclava,9.365
476,"Inblue Collar De Cadena De 6 Mm De Ancho Para Hombres, Mujer",31.159
477,Arrawana77 Cadena Clásica Para Hombres Y Mujeres Collar Gp D,50.873
478,8 Piezas Cadena Cubana Hombre Acero Inoxidable Joyería,7.286
479,Collar De Cadena De Acero Inoxidable For Hombre Con Cruz Y,5.068
480,Collar Colgante Plata 925 Cruz Mujer Hombre Regalo Joya Moda Plateado,25.450
481,Collar Plata 925 Cruz Hombre Mujer Regalo Colgante Cadena Plateado,26.450
482,Collar Plata 925 Hombre Mujer Timon Capitan Amor Colgante Plateado,26.450
483,Collar Plata 925 Piedra Ojo De Tigre Chakra Mujer Hombre Plateado,22.432
484,Collar De Cadena De Acero Inoxidable For Hombre Con Cruz Y,5.068
485,Collar Hombre Circonita Cadena Cubana Diamante Esclava,8.877
486,Collar Hombre Cadena Cubana Diamante Oro Plata 45cm,28.840
487,"Fl Collar De Cruz Gótica For Hombre, Cadena De Acero",7.589
488,Aruoy Collar Hombre Cadena Cubana Diamante Oro Plata 40cm,6.918
489,E Collar Hombre Cadena Cubana Diamante Oro Plata 40cm,25.758
490,Collar Colgante De Béisbol For Hombre Con Cadena Plata 925,25.188
491,- Collar Hombre Cadena Cubana Diamante Oro Plata 20cm,16.467
492,Collar Plata 925 Ojo De Tigre Chakra Mujer Hombre Regalo Plateado,23.432
493,Conjunto Plata 925 Dama Collar Pendientes Amor Punto De Luz,32.720
494,Collar Cadena Plata 925 Hombre Elegante Mujer Regalo Moda Plateado,34.711
495,Set De Plata 925 Corazón Collar Aros Aritos Mujer Joya Amor,36.720
496,- I Collar Hombre Cadena Cubana Diamante Oro Plata 45cm,17.736
497,Collar Dije Kawaii Gato Killer Asesino Negro Acero .,4.701
498,Stainless Steel Colgante Crucifijo Tribal Rock C Cadena De,11.416
499,/ Collar De Béisbol For Hombre Con Cadena De Plata,26.301
500,"/ C Collar De Cruz Gótica For Hombre, Cadena De Acero",6.090
501,Collar Hombre Circonita Cadena Cubana Diamante Esclava,8.877
502,Cadenas Cubanas Diamantada Hombre Gargantillas Plata,24.406
503,H Collar Hombre Cadena Cubana Diamante Oro Plata 40cm,25.758
504,Collar Colgante Plata 925 Timon Hombre Mujer Amor Regalo Plateado,29.432
505,Collar Con Colgante Plata 925 Hombre Mujer Regalo Joya Varon Plateado,28.450
506,Collar Cadena Plata 925 Pulsera Hombre Regalo Joya Dia Padre,55.990
507,Collar Con Colgante Elegante Plata 925 Mujer Hombre Regalo Plateado,23.432
508,Collar Con Dije Cruz Con Cristo En Plata Solida Con,18.454
509,Collar Hombre Plata De Doble Capa - Joya Urbana Y Estilizada,18.454
510,"Collar Kimi Silver Cross, Cadenas De Acero Inoxidable, Para",3.532
511,Collar Para Dejar De Fumar Collar Respiratorio De 3 Piezas,18.454
512,Collar Para Hombre Con Circonita Cadena Cubana Diamantada Es,24.581
513,Collar De Goma Negro De 3pcs Hombres Hallazgo De La Joyería,7.322
514,Collares En Forma De J Modernos Para Mujer Y Hombre Caden,24.406
515,Collar Dijes Cadena Plata Acero Inoxidable Regalos Hombre,12.879
516,Collar Hombre Cadena Cubana Diamante Oro Plata 20cm,4.369
517,- Placas Militares Con Cuello En C (dijes Plata Acero Inoxid,6.973
518,. Collar Hombre Cadena Cubana Diamante Oro Plata 20cm,14.461
519,"Leawede 2pzs Dije De Cruz Hombre Y Pulsera ,acero",8.528
520,Collar De Demonio Diablo Máscara Cara Con Cuernos Dije,17.792
521,Collares Dijes De Cruz Y Cadenas Mxonr-002 Collares,27.304
522,Joyería Collar Dije Cruz Infinito Protección Cristo Sv,17.792
523,^ Collar Con Forma De Cruz Grande Con Cadena De Acero /,19.227
524,Collar Hombre Cadena Cubana Diamante Oro Plata 40cm,13.054
525,"Collar Vintage Unisex Para Hombre Y Mujer, Cadena De Piedra",17.893
526,Collar Estilo Punk Para Hombre Y Mujer Con Remaches Y Cadena,17.893
527,Collar Con Borlas Largas Y Remaches Para Hombre Cadena Punk,18.187
528,Jm/s Collar Cadena Bizantina Acero Inoxidable Cruz J,5.216
529,Collar Hombre Cadena Cubana Diamante Oro Plata 20cm,13.505
530,Collar Colgante De Béisbol Para Hombre Con Cadena Plata,19.236
531,"Cadena De Clavícula Para Pareja, Montaña Y Mar, Hombre Y Muj",13.321
532,Cadena De Serpiente Chapada En Plata De 1 Mm Para Hombre Y M,3.192
533,* \ Collar Hombre Cadena Cubana Diamante Oro Plata 20cm,16.724
534,* I Collar Hombre Cadena Cubana Diamante Oro Plata 45cm,17.736
535,"Cadena De Clavícula Para Pareja, Montaña Y Mar, Hombre Y Muj",13.321
536,& Moda Collar Pulseras Hombre Cubana Cadena Acero *,6.402
537,Corrente Prata Masculina + Pulseira Pingente +,5.142
538,Collar Medalla Acero Inoxidable Baño Oro Regalo Graduación,25.703
539,Edingm - Cadena De Eslabones Cubanos Para Hombres Collar,26.439
540,Collar Colgante Plata 925 Cruz Mujer Hombre Regalo Joya Moda Plateado,25.450
541,Collar Plata 925 Cruz Hombre Mujer Regalo Colgante Cadena Plateado,26.450
542,Collar Plata 925 Hombre Mujer Timon Capitan Amor Colgante Plateado,26.450
543,Collar Plata 925 Piedra Ojo De Tigre Chakra Mujer Hombre Plateado,22.432
544,Edingm - Cadena De Eslabones Cubanos Para Hombres Collar,26.439
545,Cadena Plateada Brillante Con Tachuelas De Hielo Para Hombre,7.718
546,Collar Hombre Circonita Cadena Cubana Diamante Esclava,8.877
547,Cadena Plateada Brillante Con Tachuelas De Hielo Para Hombre,8.058
548,Colar Com Pingente De Coração Infinito Em Prata 925 Para Mul,96.163
549,"Temico Colgante De Cruz Pequeño Y Simple Para Niños Y Niñas,",6.706
550,Cadena Plateada Brillante Con Tachuelas De Hielo Para Hombre,8.058
551,Cadena Plata 925 Maciza Hombre 3 En 1 60cm $ Online,3.909
552,Collar Plata 925 Ojo De Tigre Chakra Mujer Hombre Regalo Plateado,23.432
553,Conjunto Plata 925 Dama Collar Pendientes Amor Punto De Luz,32.720
554,Collar Cadena Plata 925 Hombre Elegante Mujer Regalo Moda Plateado,34.711
555,Set De Plata 925 Corazón Collar Aros Aritos Mujer Joya Amor,36.720
556,Collar Cadena Cruz Toretto Plata Cadena 60cm Ly,4.627
557,Cadena Plateada Brillante Con Tachuelas De Hielo Para Hombre,8.058
558,Collar Hombre Circonita Cadena Cubana Diamante Esclava,8.877
559,Cadena Plateada Brillante Con Tachuelas De Hielo Para Hombre,8.058
560,Cadena Zapatilla Pelota Futbol 3d Hombre Plata 925 + Caja Re Plateado,57.000
561,Collar Cadena Cruz Con Cruz En El Centro Hombre Plata 925 +c Plateado,24.000
562,V Collar Pareja Montaña Y Mar Cadena Clavícula Hombre Y Qlxl,11.766
563,Collar Cadena Divino Niño Hombre Plata 925 + Caja Regalo Plateado,25.500
564,Joyas Conjunto De Plata 925 Corazon Aros Collar Cadena Dama,65.990
565,Collar Colgante Plata 925 Timon Hombre Mujer Amor Regalo Plateado,29.432
566,Collar Con Colgante Plata 925 Hombre Mujer Regalo Joya Varon Plateado,28.450
567,Collar Cadena Plata 925 Pulsera Hombre Regalo Joya Dia Padre,55.990
568,Cadena Hijo Niño Con Pelota Para Hombre Plata 925 + Caja Reg Plateado,32.000
569,Cadena Collar Delfin Inflado Hombre Plata 925 + Caja Regalo Plateado,44.500
570,Collar Cadena Perro Cavalier Hombre Plata 925 + Caja Regalo Plateado,42.500
571,Cadena Collar Estrella De Mar Hombre Plata 925 + Caja Plateado,33.500
572,Cadena Collar Perro Fox Terrier Hombre Plata 925 + Caja Rega Plateado,39.000
573,Cadena Collar Ancla Marino Hombre Plata 925 + Caja Regalo Plateado,32.500
574,Cadena Perro Fox Terrier Escoces Hombre Plata 925 + Caja Reg Plateado,42.500
575,Cadena Estetoscopio Corazon Latidos Hombre Plata 925 + Caja Plateado,47.500
576,Cadena Collar Cara Elefante Hombre Plata 925 + Caja Regalo Plateado,35.000
577,Cadena Collar Estrella De Mar Hombre Plata 925 + Caja Regalo Plateado,41.500
578,) Moda Collar Pulseras Hombre Cubana Cadena Acero _,6.402
579,Cadena Hombre Militar 50 Cm Plata Italiana 925 Plateado,72.490
580,Collar Para Hombre De Acero Inoxidable Regalos Del,9.310
581,"Q&s Jewels Collar Con Colgante De Cruz De Oro Para Hombre, 0",40.533
582,Laimiumiu33 Cadena Helada Para Hombres Cz Fútbol Fútbol No.7,39.429
583,"Captainsteel Collar Con Cruz Para Hombre, Cadena Figaro, Cha",29.512
584,"Fosir Collar De Cadena Redonda Para Hombre, Cadena Rolo De A",31.720
585,Collar Hombre Cadena Cubana Diamante Oro Plata 45cm,13.348
586,Conjunto Plata 925 Flor Mujer Collar Aros Joyas Regalo Juego,37.711
587,Conjunto Plata 925 Flor Mujer Collar Aros Joya Regalo Juego,47.990
588,Alta Calidad Cadena Clásica De Eslabones De Oro Rosa De,9.365
589,Conjunto Plata 925 Aros Aritos Mujer Collar Joyas Regalo Set,41.990
590,Cadena Cruz Jesùs Crucifijo Hombre Plata 925 + Caja Regalo Plateado,42.000
591,Cadena Hombre Escudo Universidad Catolica Plata Ley 925 + Ca Plateado,47.500
592,"Fiusem Cadena Negra Para Hombres, Collares De Cadena Para Ho",29.512
593,Urban Jewelry Impresionante Cadena De Collar Para Hombre De,44.866
594,Collar De Cadena Gruesa Bizantina De Acero Inoxidable Plata.,35.942
595,Cadena Plata Figaro Gruesa Ley 925 Italiana Hombre O Mujer Plateado,120.990
596,Joya Conjunto Plata 925 Aros Collar Cadena Cruz Dama Hombre,65.990
597,"Inblue Collar De Cadena De 6 Mm De Ancho Para Hombres, Mujer",37.230
598,Guoshuang Hombres Acero Inoxidable Cabeza De Lobo Amuleto Vi,47.966
599,Lifetime Jewelry Cadena De Oro De 1 Mm Para Hombres Y Mujere,68.803
